id,first_name,last_name,email,gender,ip_address
1,Heidi,Southwell,hsouthwell0@cisco.com,Non-binary,113.186.49.206
2,Gabriell,Kerne,gkerne1@paginegialle.it,Female,2.36.214.94
3,Antone,Sterzaker,asterzaker2@g.co,Male,59.239.108.138
4,Sarette,Wooland,swooland3@cloudflare.com,Female,3.89.140.60
5,Alayne,Cleynman,acleynman4@earthlink.net,Female,89.52.180.60
6,Hewie,Hickin,hhickin5@smh.com.au,Agender,70.2.248.21
7,Yancey,Boulding,yboulding6@baidu.com,Male,138.18.49.107
8,Alano,Rawcliffe,arawcliffe7@sciencedaily.com,Genderfluid,152.15.3.49
9,Lynda,Alloway,lalloway8@blogger.com,Female,139.11.23.136
10,Timothy,Lorie,tlorie9@cbc.ca,Male,26.12.71.66
11,Queenie,Grishaev,qgrishaeva@mapquest.com,Female,219.154.35.173
12,Haslett,Winny,hwinnyb@over-blog.com,Male,227.119.105.90
13,Melisande,Gready,mgreadyc@elegantthemes.com,Female,78.168.129.184
14,Booth,Streatfield,bstreatfieldd@mtv.com,Male,74.99.26.123
15,Candra,Hovington,chovingtone@youtube.com,Female,202.38.169.196
16,Winfield,Berns,wbernsf@toplist.cz,Male,99.1.55.238
17,Dorolisa,Edon,dedong@biglobe.ne.jp,Female,93.58.62.149
18,Ileane,Ridings,iridingsh@seesaa.net,Female,220.20.140.217
19,Geneva,Yong,gyongi@smh.com.au,Female,68.156.71.39
20,Jorry,Radoux,jradouxj@networksolutions.com,Female,156.49.176.156
21,Kriste,Tunney,ktunneyk@msn.com,Female,129.117.45.191
22,Cordie,Beyn,cbeynl@nih.gov,Female,11.2.210.30
23,Hubert,Neubigin,hneubiginm@sbwire.com,Male,168.246.141.161
24,Tomlin,Popeley,tpopeleyn@paypal.com,Agender,247.252.111.67
25,Shea,O'Shee,sosheeo@biblegateway.com,Male,162.41.118.233
26,Kip,Dullaghan,kdullaghanp@ftc.gov,Female,9.83.124.210
27,Joyan,Handlin,jhandlinq@artisteer.com,Female,243.82.143.225
28,Ernaline,Luckhurst,eluckhurstr@issuu.com,Female,147.204.198.12
29,Taddeusz,Rossbrook,trossbrooks@chronoengine.com,Male,133.179.173.142
30,Elyse,Dorn,edornt@narod.ru,Female,138.63.49.64
31,Adore,Sangster,asangsteru@slideshare.net,Female,44.89.157.193
32,Milzie,Benkhe,mbenkhev@ebay.com,Female,29.136.47.14
33,Ollie,Hayth,ohaythw@chronoengine.com,Female,40.145.28.137
34,Fleurette,O'Lenechan,folenechanx@dmoz.org,Female,94.131.6.96
35,Britt,Lamping,blampingy@photobucket.com,Female,37.243.183.234
36,Bruce,Duligall,bduligallz@google.ru,Male,249.237.128.252
37,Cory,Ianiello,cianiello10@bbb.org,Male,52.112.85.180
38,Rubin,Clipsham,rclipsham11@goo.ne.jp,Male,144.197.167.132
39,Marlow,Bonifas,mbonifas12@facebook.com,Male,250.17.203.38
40,Katleen,Farnill,kfarnill13@reference.com,Female,131.55.33.55
41,Dionysus,Kitchaside,dkitchaside14@bluehost.com,Male,161.145.91.191
42,Halie,Folkard,hfolkard15@joomla.org,Female,161.39.196.36
43,Fabien,Scholey,fscholey16@theatlantic.com,Male,158.237.159.138
44,Joachim,Baston,jbaston17@sciencedirect.com,Male,220.210.123.228
45,Blair,Smallbone,bsmallbone18@cdc.gov,Female,36.142.137.140
46,Carlina,Livesley,clivesley19@i2i.jp,Female,217.170.50.47
47,Dita,de Bullion,ddebullion1a@virginia.edu,Female,55.226.14.200
48,Adrea,Kuzma,akuzma1b@tripod.com,Female,108.219.193.80
49,Vito,Ferney,vferney1c@ow.ly,Male,76.44.121.161
50,Niels,Mityashin,nmityashin1d@squidoo.com,Male,28.33.156.162
51,Hart,Defty,hdefty1e@accuweather.com,Male,13.52.238.254
52,Dean,Towsey,dtowsey1f@reddit.com,Male,59.127.58.37
53,Virgil,Kropp,vkropp1g@example.com,Polygender,64.154.245.185
54,Marysa,Forcade,mforcade1h@bizjournals.com,Female,231.50.220.80
55,Mariellen,Stanyer,mstanyer1i@virginia.edu,Female,52.170.137.5
56,Livvyy,Enrique,lenrique1j@reddit.com,Female,164.121.175.222
57,Cecil,Shelford,cshelford1k@webeden.co.uk,Female,137.248.17.92
58,Dell,Petts,dpetts1l@prlog.org,Male,241.26.230.88
59,Sherwood,Clutterbuck,sclutterbuck1m@amazon.co.jp,Male,119.68.26.230
60,Daffy,Devine,ddevine1n@si.edu,Female,21.93.18.136
61,Tonye,Willarton,twillarton1o@earthlink.net,Female,61.98.41.81
62,Agretha,Dermott,adermott1p@soup.io,Female,230.129.33.123
63,Binny,Dopson,bdopson1q@chronoengine.com,Female,19.201.16.87
64,Gianni,Georgel,ggeorgel1r@nba.com,Male,130.195.98.172
65,Chryste,Dodge,cdodge1s@sciencedirect.com,Female,32.250.188.202
66,Caldwell,Drabble,cdrabble1t@goo.ne.jp,Male,74.179.179.184
67,Bambi,Kluss,bkluss1u@noaa.gov,Female,63.192.196.193
68,Shanna,Harvison,sharvison1v@yellowpages.com,Female,192.73.183.15
69,Denys,De Gowe,ddegowe1w@dailymotion.com,Male,148.127.30.174
70,Evey,Hugli,ehugli1x@cafepress.com,Female,68.176.181.203
71,Cordelia,Pobjay,cpobjay1y@gov.uk,Female,15.203.84.130
72,Olivette,Cowlin,ocowlin1z@google.com.hk,Female,70.231.196.65
73,Trenna,Ranahan,tranahan20@wix.com,Genderqueer,134.122.183.88
74,Jannel,Abramov,jabramov21@adobe.com,Female,148.248.63.94
75,Miranda,Folbig,mfolbig22@exblog.jp,Female,190.222.131.118
76,Loren,Stewartson,lstewartson23@sina.com.cn,Bigender,199.33.219.124
77,Minnnie,Paris,mparis24@last.fm,Female,132.2.160.116
78,Cherish,Skylett,cskylett25@usnews.com,Female,87.253.1.87
79,Cynthea,Aizic,caizic26@paypal.com,Female,145.132.96.14
80,Becki,Gwillym,bgwillym27@psu.edu,Female,189.69.4.29
81,Reinhard,Glendzer,rglendzer28@liveinternet.ru,Male,28.90.30.127
82,Lorain,Wix,lwix29@reference.com,Female,202.101.87.122
83,Daveen,Cowill,dcowill2a@illinois.edu,Female,11.52.56.51
84,Julieta,Dicte,jdicte2b@vinaora.com,Female,162.0.190.181
85,Vladimir,Blackesland,vblackesland2c@loc.gov,Male,80.62.202.191
86,Hillier,Wolfenden,hwolfenden2d@epa.gov,Male,19.78.217.172
87,Agosto,Juara,ajuara2e@bigcartel.com,Male,12.1.226.73
88,Katya,Timcke,ktimcke2f@smugmug.com,Female,227.88.155.141
89,Lydia,Puzey,lpuzey2g@mashable.com,Female,253.32.182.118
90,Sabrina,Concklin,sconcklin2h@harvard.edu,Female,74.86.236.91
91,Tiebout,Couthard,tcouthard2i@miibeian.gov.cn,Male,49.131.246.69
92,Dmitri,Humburton,dhumburton2j@chron.com,Genderfluid,9.88.235.213
93,Cale,Colthard,ccolthard2k@blogtalkradio.com,Male,168.72.81.171
94,Skipp,Rodwell,srodwell2l@mayoclinic.com,Male,97.42.222.114
95,Tori,Lamputt,tlamputt2m@ocn.ne.jp,Female,222.120.17.5
96,Dierdre,Heales,dheales2n@nyu.edu,Female,87.134.12.74
97,Bab,Ladloe,bladloe2o@geocities.com,Female,170.214.114.196
98,Lettie,Aisbett,laisbett2p@wikispaces.com,Female,63.41.35.208
99,Hernando,McElrea,hmcelrea2q@auda.org.au,Male,27.158.237.116
100,Lula,Lavallin,llavallin2r@bloglovin.com,Female,120.7.65.175
101,Dorolice,Malkin,dmalkin2s@nih.gov,Female,94.98.232.187
102,Eugenia,Hought,ehought2t@seesaa.net,Female,210.79.209.45
103,Harriott,Roxby,hroxby2u@bloglines.com,Female,66.16.247.130
104,Aleta,Rallinshaw,arallinshaw2v@kickstarter.com,Female,180.118.121.221
105,Adriena,McCree,amccree2w@amazon.com,Female,8.194.213.221
106,Ed,Skace,eskace2x@netlog.com,Male,135.186.177.219
107,Ly,Haffenden,lhaffenden2y@yellowbook.com,Male,222.169.35.206
108,Viviene,Sainz,vsainz2z@ehow.com,Female,81.224.39.12
109,Raffarty,Lark,rlark30@amazon.de,Male,42.138.41.254
110,Nanon,Cromer,ncromer31@hatena.ne.jp,Female,24.244.183.37
111,Marion,Coath,mcoath32@comcast.net,Male,233.138.92.92
112,Emlyn,Sitch,esitch33@deviantart.com,Male,234.53.250.28
113,Bambie,Grasner,bgrasner34@zimbio.com,Female,58.253.141.12
114,Rafaellle,Stobart,rstobart35@google.co.uk,Male,112.23.234.129
115,Ainsley,Davidov,adavidov36@samsung.com,Female,224.13.154.217
116,Bobbie,Ferrarini,bferrarini37@oaic.gov.au,Male,92.89.14.110
117,Salome,Rayment,srayment38@163.com,Female,75.38.126.48
118,Pauly,Inworth,pinworth39@microsoft.com,Female,174.134.57.193
119,Jessie,Cicconettii,jcicconettii3a@cbsnews.com,Female,137.77.171.235
120,Netta,Mellish,nmellish3b@surveymonkey.com,Genderfluid,29.72.159.63
121,Rollin,Critzen,rcritzen3c@gnu.org,Male,178.175.243.34
122,Anjanette,Bagnal,abagnal3d@domainmarket.com,Female,39.93.91.152
123,Shirley,Bollen,sbollen3e@trellian.com,Female,248.245.83.120
124,Iolande,Palfree,ipalfree3f@hibu.com,Female,114.174.242.32
125,Sileas,Gauld,sgauld3g@qq.com,Female,165.201.106.103
126,Maxy,Tellenbroker,mtellenbroker3h@dell.com,Male,207.199.27.27
127,Katrina,Jenik,kjenik3i@wordpress.org,Female,14.21.70.207
128,Yvonne,Faulconer,yfaulconer3j@about.me,Female,65.183.205.176
129,Zollie,Itskovitz,zitskovitz3k@un.org,Male,171.114.113.242
130,Wilbur,Blemen,wblemen3l@wufoo.com,Male,181.193.125.171
131,Barth,Bailiss,bbailiss3m@newsvine.com,Male,119.238.178.113
132,Pren,Barendtsen,pbarendtsen3n@youtu.be,Male,243.94.217.237
133,Richart,Abazi,rabazi3o@elegantthemes.com,Male,94.97.109.79
134,Schuyler,Birtonshaw,sbirtonshaw3p@nasa.gov,Male,139.200.133.180
135,Henka,Screas,hscreas3q@va.gov,Female,25.14.11.243
136,Yves,Pattesall,ypattesall3r@bbc.co.uk,Male,66.77.234.12
137,Tisha,Lindfors,tlindfors3s@home.pl,Female,139.19.69.184
138,Kamila,Doubrava,kdoubrava3t@cnet.com,Female,130.126.84.212
139,Ive,Hoovart,ihoovart3u@amazon.co.uk,Polygender,185.19.69.135
140,Sue,Sineath,ssineath3v@mapy.cz,Female,221.83.7.169
141,Edmund,Chattington,echattington3w@youtube.com,Male,130.151.1.96
142,Westley,Hebburn,whebburn3x@fastcompany.com,Male,230.150.123.210
143,Vaughn,Sheach,vsheach3y@livejournal.com,Male,57.119.62.192
144,Bruno,Cordaroy,bcordaroy3z@who.int,Male,168.1.60.158
145,Mirna,Balazot,mbalazot40@over-blog.com,Female,3.61.106.142
146,Isidore,Moggan,imoggan41@joomla.org,Male,212.67.104.51
147,Leicester,Dell Casa,ldellcasa42@dropbox.com,Male,166.45.66.17
148,Nara,Ensor,nensor43@psu.edu,Female,67.2.75.249
149,Enriqueta,Faucett,efaucett44@europa.eu,Female,12.130.27.154
150,Gardner,Shadwick,gshadwick45@hud.gov,Male,149.14.11.6
151,Valry,Pyrton,vpyrton46@vimeo.com,Female,168.6.197.189
152,Hermione,Petrou,hpetrou47@wikispaces.com,Female,187.255.79.166
153,Sidonia,Tennock,stennock48@oaic.gov.au,Female,153.82.46.145
154,Edythe,Dunbabin,edunbabin49@usa.gov,Female,54.97.78.98
155,Mervin,Dominey,mdominey4a@state.gov,Male,5.192.254.203
156,Lowell,Leijs,lleijs4b@tinypic.com,Male,17.71.169.242
157,Harp,Hubback,hhubback4c@google.com,Male,71.155.186.118
158,Dallas,Woollin,dwoollin4d@zdnet.com,Male,45.140.222.174
159,Lyndy,McCaughen,lmccaughen4e@goo.gl,Female,147.167.173.107
160,Valle,Burne,vburne4f@addthis.com,Male,119.223.18.54
161,Joachim,Siney,jsiney4g@blogs.com,Male,220.179.194.239
162,Lissa,Jephcote,ljephcote4h@imdb.com,Female,127.77.126.24
163,Rorie,Ivkovic,rivkovic4i@furl.net,Female,52.191.40.187
164,Marchall,Ragate,mragate4j@wiley.com,Male,22.71.205.134
165,Reinaldo,Hardaway,rhardaway4k@pcworld.com,Male,25.83.47.68
166,Perl,Gilchriest,pgilchriest4l@cafepress.com,Female,245.15.185.165
167,Olia,Pedycan,opedycan4m@tripadvisor.com,Female,188.162.195.27
168,Donnell,Pelerin,dpelerin4n@go.com,Male,176.70.60.241
169,Gaynor,Giorgi,ggiorgi4o@twitpic.com,Genderfluid,43.170.35.6
170,Wyndham,Margetson,wmargetson4p@yahoo.com,Male,59.248.219.14
171,Corey,Wreiford,cwreiford4q@oracle.com,Female,46.43.194.59
172,Aloysius,Coull,acoull4r@aol.com,Male,137.228.46.99
173,Cullen,Agg,cagg4s@simplemachines.org,Male,210.87.137.145
174,Farlay,Jiggins,fjiggins4t@studiopress.com,Male,56.171.163.251
175,Joscelin,Eades,jeades4u@walmart.com,Female,111.44.86.169
176,Bernette,Callum,bcallum4v@plala.or.jp,Female,149.246.28.237
177,Linc,Cook,lcook4w@elpais.com,Male,239.208.253.252
178,Genni,Wyman,gwyman4x@dagondesign.com,Female,235.5.38.14
179,Wenonah,Simak,wsimak4y@eepurl.com,Female,145.251.49.33
180,Chanda,Balazs,cbalazs4z@uol.com.br,Bigender,17.49.209.29
181,Nessa,Newnham,nnewnham50@goo.gl,Female,235.185.169.131
182,Elladine,Benedidick,ebenedidick51@apple.com,Female,98.31.191.137
183,Flossie,Choffin,fchoffin52@godaddy.com,Female,37.215.246.208
184,Gearard,Self,gself53@facebook.com,Male,184.8.80.147
185,Niles,Potell,npotell54@virginia.edu,Male,97.150.98.126
186,Parke,McGregor,pmcgregor55@macromedia.com,Male,61.221.92.201
187,Ashly,Blore,ablore56@reuters.com,Female,189.202.23.250
188,Aleksandr,Sleeford,asleeford57@webs.com,Male,99.105.227.104
189,Carce,Paffley,cpaffley58@yelp.com,Male,188.54.30.147
190,Hubert,Moulton,hmoulton59@elegantthemes.com,Male,170.178.223.163
191,Sherie,Gladstone,sgladstone5a@squidoo.com,Female,103.210.232.203
192,Thaine,Keningley,tkeningley5b@barnesandnoble.com,Male,251.157.202.144
193,Dreddy,Klemz,dklemz5c@slashdot.org,Female,205.101.60.4
194,Arman,Walework,awalework5d@foxnews.com,Male,137.82.144.149
195,Cristiano,Donativo,cdonativo5e@behance.net,Male,113.218.140.139
196,Renelle,Heggadon,rheggadon5f@gmpg.org,Female,184.232.125.97
197,Blythe,Sorton,bsorton5g@flavors.me,Female,54.9.174.145
198,Jarrad,Chittenden,jchittenden5h@state.tx.us,Male,83.160.149.95
199,Frazier,Yanuk,fyanuk5i@google.it,Male,219.113.242.196
200,Suzi,Granham,sgranham5j@cbslocal.com,Female,32.53.57.253
201,Helena,Tripcony,htripcony5k@webnode.com,Female,90.25.36.96
202,Darcey,Bratton,dbratton5l@behance.net,Female,204.8.146.23
203,Marshall,Brundle,mbrundle5m@tripod.com,Male,195.170.70.235
204,Valene,Pett,vpett5n@nydailynews.com,Female,9.203.60.241
205,Gay,Maynell,gmaynell5o@mysql.com,Male,168.91.193.220
206,Elyse,Chapell,echapell5p@addtoany.com,Female,243.179.150.74
207,Arlan,O'Geaney,aogeaney5q@mail.ru,Male,56.103.223.111
208,Norton,Gauge,ngauge5r@state.gov,Male,196.246.234.150
209,Noe,McGaw,nmcgaw5s@canalblog.com,Male,128.19.202.70
210,Alasdair,Floweth,afloweth5t@bloglines.com,Male,212.34.183.38
211,Adi,Ghidini,aghidini5u@people.com.cn,Female,253.91.248.81
212,Zarah,Whinray,zwhinray5v@skyrock.com,Female,180.79.71.197
213,Burtie,Lampett,blampett5w@desdev.cn,Male,88.186.156.135
214,Alexio,Storry,astorry5x@51.la,Male,251.219.168.131
215,Peterus,Hatherleigh,phatherleigh5y@pagesperso-orange.fr,Male,27.34.160.226
216,Bobbe,Farthin,bfarthin5z@weibo.com,Female,148.138.56.81
217,Lula,Frarey,lfrarey60@moonfruit.com,Female,133.45.20.202
218,Rosene,Raynes,rraynes61@ftc.gov,Female,205.32.224.146
219,Steffane,McCrackan,smccrackan62@multiply.com,Female,83.48.95.172
220,Catrina,Mayberry,cmayberry63@goo.ne.jp,Female,176.146.122.177
221,Thibaud,Chipp,tchipp64@loc.gov,Male,150.79.214.170
222,Ferrell,Gittoes,fgittoes65@hud.gov,Male,217.179.41.38
223,Heriberto,Potell,hpotell66@netlog.com,Male,240.197.180.110
224,Dominga,Hinsch,dhinsch67@angelfire.com,Female,178.225.208.86
225,Collette,Dimmack,cdimmack68@ebay.co.uk,Female,156.158.145.113
226,Alano,Klyner,aklyner69@cdbaby.com,Male,37.242.239.116
227,Timotheus,Sonner,tsonner6a@oracle.com,Male,36.28.8.152
228,Tomkin,Featherstonhaugh,tfeatherstonhaugh6b@nydailynews.com,Polygender,106.127.171.175
229,Evvy,Kyndred,ekyndred6c@skype.com,Female,146.131.181.237
230,Aylmar,Braganca,abraganca6d@reverbnation.com,Male,14.67.198.1
231,Vivienne,Sakins,vsakins6e@wsj.com,Female,123.143.117.164
232,Knox,Huntley,khuntley6f@ebay.co.uk,Male,98.205.7.236
233,Humbert,Cull,hcull6g@ucsd.edu,Male,135.235.215.154
234,Dewain,Rhymer,drhymer6h@yellowbook.com,Male,51.155.80.16
235,Charlotta,Hunnicutt,chunnicutt6i@privacy.gov.au,Female,47.100.224.213
236,Kippar,Abramamovh,kabramamovh6j@opensource.org,Male,24.43.213.253
237,Micheil,Pulham,mpulham6k@china.com.cn,Male,164.50.186.67
238,Chico,Clackers,cclackers6l@utexas.edu,Male,204.55.100.121
239,Adler,Bartolommeo,abartolommeo6m@globo.com,Genderqueer,63.79.61.195
240,Andeee,Bratty,abratty6n@disqus.com,Female,136.192.136.242
241,Obadias,Adkins,oadkins6o@51.la,Male,59.159.226.155
242,Loralee,Divell,ldivell6p@issuu.com,Female,236.13.186.95
243,Jefferey,Josovich,jjosovich6q@icq.com,Male,60.235.77.46
244,Tobiah,Currum,tcurrum6r@scribd.com,Male,45.4.224.105
245,Tessie,Darrigoe,tdarrigoe6s@weebly.com,Female,208.95.180.21
246,Sallee,Aleshkov,saleshkov6t@ocn.ne.jp,Female,125.178.111.203
247,Darcy,Pennigar,dpennigar6u@dailymotion.com,Female,225.136.101.251
248,Daryle,Vipan,dvipan6v@edublogs.org,Male,203.198.155.243
249,Rochelle,Loble,rloble6w@mapquest.com,Female,231.9.76.59
250,Guillema,Yesinov,gyesinov6x@soundcloud.com,Female,130.176.249.81
251,Charlotta,Woollacott,cwoollacott6y@kickstarter.com,Female,69.156.152.229
252,Ezequiel,Guisot,eguisot6z@nps.gov,Male,27.154.215.225
253,Julie,Prescote,jprescote70@storify.com,Female,105.120.96.141
254,Blanch,Mum,bmum71@craigslist.org,Agender,202.158.87.180
255,Gerianna,Boodell,gboodell72@tiny.cc,Female,194.126.248.8
256,Gustave,Manhood,gmanhood73@icio.us,Male,112.4.177.101
257,Lyell,Tythe,ltythe74@bbb.org,Male,31.204.95.21
258,Currie,Kowal,ckowal75@oracle.com,Male,156.38.76.43
259,Ginger,Killock,gkillock76@linkedin.com,Male,185.153.47.53
260,Gaylor,Raiston,graiston77@mac.com,Male,93.10.215.215
261,Eamon,Lionel,elionel78@mit.edu,Male,125.227.213.176
262,Jefferey,Broader,jbroader79@senate.gov,Male,102.249.76.223
263,Phillie,Reader,preader7a@infoseek.co.jp,Female,70.154.82.45
264,Ki,Percy,kpercy7b@sina.com.cn,Female,54.174.112.222
265,Prescott,Gerckens,pgerckens7c@usa.gov,Male,72.181.12.36
266,Cammy,Handrahan,chandrahan7d@unblog.fr,Bigender,186.187.18.54
267,Chevalier,Tremethack,ctremethack7e@wunderground.com,Male,49.212.181.97
268,Em,Fillon,efillon7f@state.tx.us,Female,202.130.119.132
269,Glenna,Fancy,gfancy7g@psu.edu,Female,91.65.208.33
270,Martynne,Ashfull,mashfull7h@hc360.com,Female,51.146.65.247
271,Ernestine,Kitchinham,ekitchinham7i@facebook.com,Female,243.69.60.24
272,Ynez,Storrs,ystorrs7j@about.me,Female,152.224.41.62
273,Alma,Tingly,atingly7k@ow.ly,Female,122.254.111.246
274,Meir,Braz,mbraz7l@elegantthemes.com,Male,157.99.153.186
275,Dolley,Griswaite,dgriswaite7m@sourceforge.net,Female,116.149.69.144
276,Roseanne,Kastel,rkastel7n@cdbaby.com,Female,158.195.123.237
277,Alla,MacShirrie,amacshirrie7o@chron.com,Female,12.8.68.223
278,Marge,Balsdone,mbalsdone7p@chicagotribune.com,Non-binary,23.201.56.147
279,Faith,Fludder,ffludder7q@google.com.hk,Female,222.107.221.184
280,Cassy,Hum,chum7r@spiegel.de,Female,66.14.179.250
281,Ewan,Nickolls,enickolls7s@google.nl,Male,90.217.2.101
282,Silas,Hoyt,shoyt7t@netscape.com,Bigender,97.199.168.213
283,Cosetta,Revitt,crevitt7u@geocities.com,Female,0.30.158.81
284,Adan,McEntagart,amcentagart7v@php.net,Male,92.9.182.28
285,Enid,Northcote,enorthcote7w@flavors.me,Female,108.95.252.130
286,Mathew,Sickling,msickling7x@dailymail.co.uk,Male,101.192.197.236
287,Wilden,Carncross,wcarncross7y@woothemes.com,Male,32.247.111.89
288,Keelby,Leddie,kleddie7z@mapquest.com,Male,125.117.111.136
289,Maurise,Constantine,mconstantine80@admin.ch,Male,77.61.175.106
290,Janos,O'Codihie,jocodihie81@infoseek.co.jp,Male,77.252.213.138
291,Wilmette,Kemish,wkemish82@ucoz.ru,Female,187.233.17.249
292,Sheelah,Syversen,ssyversen83@blog.com,Genderfluid,33.139.177.138
293,Zsa zsa,Whitefoot,zwhitefoot84@spiegel.de,Female,182.235.209.24
294,Zeb,Hitchens,zhitchens85@icq.com,Male,125.66.1.78
295,Gussy,Brownsall,gbrownsall86@dagondesign.com,Agender,133.6.239.245
296,Kristoffer,Fusedale,kfusedale87@ucoz.ru,Male,199.133.125.125
297,Aveline,Bunford,abunford88@ask.com,Female,169.114.174.211
298,Tarra,Morecomb,tmorecomb89@wufoo.com,Female,134.88.206.185
299,Bevvy,Sweet,bsweet8a@chronoengine.com,Female,20.1.58.106
300,Sunny,Rainon,srainon8b@disqus.com,Male,98.44.133.42
301,Saul,Lilian,slilian8c@canalblog.com,Male,60.166.67.58
302,Peria,Liversedge,pliversedge8d@amazonaws.com,Female,43.26.215.6
303,Kimberlyn,Redemile,kredemile8e@senate.gov,Female,122.24.5.174
304,Jerrie,Halden,jhalden8f@ted.com,Bigender,191.238.188.25
305,Cord,Redington,credington8g@house.gov,Male,255.85.226.182
306,Malcolm,Ewell,mewell8h@cornell.edu,Male,45.1.99.115
307,Leoline,Sreenan,lsreenan8i@bloglines.com,Bigender,244.85.52.186
308,Bourke,Reyes,breyes8j@topsy.com,Male,232.102.3.71
309,Kira,Gull,kgull8k@nasa.gov,Polygender,104.148.36.22
310,Dione,Miettinen,dmiettinen8l@cocolog-nifty.com,Female,69.119.138.173
311,Danny,Berrow,dberrow8m@toplist.cz,Male,198.152.63.156
312,Crystal,Hemmingway,chemmingway8n@dailymotion.com,Female,239.88.179.48
313,Daniele,Hasney,dhasney8o@networksolutions.com,Female,121.172.176.64
314,Catherine,Kupka,ckupka8p@gravatar.com,Non-binary,247.83.143.131
315,Fiann,Oliveras,foliveras8q@columbia.edu,Female,207.245.81.189
316,Cordi,Mapother,cmapother8r@de.vu,Female,163.124.101.137
317,Di,Gaynesford,dgaynesford8s@miitbeian.gov.cn,Female,80.211.136.137
318,Nicolas,Shirrell,nshirrell8t@bandcamp.com,Male,134.59.169.229
319,Frances,Herrieven,fherrieven8u@hugedomains.com,Female,124.42.117.70
320,Hayward,Escott,hescott8v@icio.us,Male,26.91.152.8
321,Wendy,Droogan,wdroogan8w@merriam-webster.com,Female,70.217.83.220
322,Jodee,Palffrey,jpalffrey8x@wikispaces.com,Female,150.36.240.204
323,Ynes,Lamplugh,ylamplugh8y@uiuc.edu,Female,162.0.1.229
324,Peyter,Robillart,probillart8z@webs.com,Male,238.193.189.59
325,Alika,Benesevich,abenesevich90@marriott.com,Genderqueer,138.207.86.211
326,Willi,Ruppele,wruppele91@java.com,Male,60.228.206.200
327,Horten,Leverson,hleverson92@goo.ne.jp,Male,204.171.24.132
328,Annabel,Beed,abeed93@ted.com,Female,166.188.242.6
329,Brietta,Bridgnell,bbridgnell94@php.net,Female,34.178.117.10
330,Miguelita,Dodding,mdodding95@engadget.com,Female,170.46.114.26
331,Mandie,Ayrs,mayrs96@paypal.com,Female,236.251.130.239
332,Harrietta,Curnok,hcurnok97@cnet.com,Female,56.17.74.149
333,Fiona,McLellan,fmclellan98@bloomberg.com,Genderfluid,51.235.1.30
334,Kevin,Doorey,kdoorey99@qq.com,Male,35.85.244.117
335,Francesca,Petranek,fpetranek9a@about.com,Non-binary,180.196.118.126
336,Corny,Kilroy,ckilroy9b@geocities.com,Male,6.218.99.236
337,Isabella,Jaan,ijaan9c@t.co,Female,234.245.136.124
338,Steffie,Tordiffe,stordiffe9d@buzzfeed.com,Female,146.124.113.32
339,Clemens,Masding,cmasding9e@thetimes.co.uk,Male,60.155.240.246
340,Joyous,Ferdinand,jferdinand9f@parallels.com,Female,148.72.192.31
341,Nell,Forsard,nforsard9g@desdev.cn,Female,1.162.30.95
342,Randell,Oakly,roakly9h@fastcompany.com,Male,31.80.85.28
343,Stillmann,Burgisi,sburgisi9i@bizjournals.com,Male,156.139.248.71
344,Isabelle,Semmence,isemmence9j@cnn.com,Female,135.180.125.160
345,Sile,Saice,ssaice9k@t.co,Female,224.45.25.177
346,Kacey,Haddacks,khaddacks9l@hostgator.com,Female,159.227.189.65
347,Nicola,Cuddy,ncuddy9m@fc2.com,Male,65.198.211.182
348,Burlie,Heild,bheild9n@bluehost.com,Male,6.87.241.55
349,Jenifer,Triner,jtriner9o@mlb.com,Female,54.97.55.64
350,Mindy,Skerratt,mskerratt9p@youtube.com,Female,96.21.37.205
351,Sherwynd,Strutton,sstrutton9q@imdb.com,Male,176.22.202.232
352,Kippy,Fernley,kfernley9r@lycos.com,Non-binary,63.150.154.201
353,Angus,MacAree,amacaree9s@amazon.de,Male,192.118.72.29
354,Aldridge,Bilt,abilt9t@yolasite.com,Male,176.61.248.52
355,Carree,Allam,callam9u@naver.com,Female,215.56.9.74
356,Britni,Pigden,bpigden9v@shareasale.com,Female,48.140.100.174
357,Parnell,Whenman,pwhenman9w@hc360.com,Male,75.243.202.108
358,Gabbi,Muldowney,gmuldowney9x@wikimedia.org,Female,124.19.43.32
359,Luce,Rosenshine,lrosenshine9y@boston.com,Male,137.215.108.21
360,Othilie,Glyne,oglyne9z@mail.ru,Female,43.184.132.121
361,Cristen,Stanion,cstaniona0@furl.net,Female,89.74.124.119
362,Herrick,Smiz,hsmiza1@example.com,Male,215.18.130.88
363,Jean,Seak,jseaka2@amazonaws.com,Male,26.70.207.175
364,Swen,Roon,sroona3@techcrunch.com,Male,230.104.188.65
365,Hi,Martinon,hmartinona4@elpais.com,Male,130.242.12.53
366,Kelcey,Shevlin,kshevlina5@php.net,Female,10.35.168.211
367,Valentin,Campanelli,vcampanellia6@state.tx.us,Male,194.192.146.143
368,Bastian,Goding,bgodinga7@nature.com,Male,137.76.125.161
369,Wolfie,Milverton,wmilvertona8@a8.net,Male,53.42.201.34
370,Pearce,Farrall,pfarralla9@unc.edu,Male,148.78.190.60
371,Georgi,Hearl,ghearlaa@mayoclinic.com,Male,99.21.183.243
372,Fritz,Andreacci,fandreacciab@oakley.com,Male,34.181.69.25
373,Nikolas,Wyllie,nwyllieac@flavors.me,Male,27.207.133.185
374,Kendre,Pittet,kpittetad@google.de,Female,150.38.47.180
375,Taite,Lightwood,tlightwoodae@comsenz.com,Male,28.244.24.8
376,Blondelle,Alexandre,balexandreaf@goo.ne.jp,Female,216.205.140.108
377,Aggy,Coulthurst,acoulthurstag@wikimedia.org,Female,85.65.20.178
378,Zita,Ginni,zginniah@archive.org,Female,18.27.5.203
379,Gail,Reville,grevilleai@ted.com,Male,208.103.94.217
380,Edwina,Dy,edyaj@discovery.com,Female,180.55.70.247
381,Krissie,Scudamore,kscudamoreak@forbes.com,Female,243.100.112.170
382,Ario,Ebenezer,aebenezeral@wikia.com,Male,239.204.242.126
383,Alanson,Gullam,agullamam@scribd.com,Male,111.73.151.99
384,D'arcy,Heindrick,dheindrickan@360.cn,Male,179.223.130.126
385,Wilhelm,Andrzejowski,wandrzejowskiao@amazon.de,Male,94.104.185.56
386,Dorie,Cropper,dcropperap@moonfruit.com,Female,79.244.249.151
387,Vergil,MacCollom,vmaccollomaq@newsvine.com,Male,81.80.160.206
388,Kayla,Cromar,kcromarar@bloglines.com,Female,228.214.253.222
389,Richardo,Sawell,rsawellas@epa.gov,Male,189.188.22.9
390,Rosabella,Gossington,rgossingtonat@nymag.com,Female,160.180.247.59
391,James,Duval,jduvalau@exblog.jp,Male,139.165.218.203
392,Gizela,Vinck,gvinckav@t.co,Female,108.135.15.139
393,Clarice,Tabard,ctabardaw@163.com,Female,73.49.8.122
394,Sterne,Hardisty,shardistyax@networksolutions.com,Genderfluid,139.229.8.171
395,Arlene,Loude,aloudeay@miitbeian.gov.cn,Female,74.137.102.35
396,Lenka,Matthis,lmatthisaz@msn.com,Female,173.199.230.183
397,Joni,Beadnell,jbeadnellb0@1688.com,Female,254.242.6.222
398,Kirstyn,Nyland,knylandb1@smugmug.com,Female,202.81.241.234
399,Vito,Trenchard,vtrenchardb2@engadget.com,Male,48.79.172.93
400,Ulrike,Fries,ufriesb3@constantcontact.com,Polygender,103.215.120.186
401,Gerri,Winchurch,gwinchurchb4@xing.com,Male,99.162.1.202
402,Julita,Eckery,jeckeryb5@sakura.ne.jp,Female,18.235.230.150
403,Rabi,Audenis,raudenisb6@elegantthemes.com,Male,163.139.113.37
404,Brew,Parnaby,bparnabyb7@psu.edu,Male,236.208.252.174
405,Gannie,Jedrys,gjedrysb8@nature.com,Male,73.114.193.157
406,Judah,Van Daalen,jvandaalenb9@wordpress.org,Male,129.139.69.0
407,Leah,Hanrahan,lhanrahanba@shutterfly.com,Female,204.131.29.29
408,Efren,Stratley,estratleybb@time.com,Male,189.116.43.250
409,Bertina,Russ,brussbc@foxnews.com,Female,127.141.99.238
410,Marina,Witz,mwitzbd@hugedomains.com,Female,73.45.135.30
411,Jed,Breedy,jbreedybe@constantcontact.com,Male,247.68.227.146
412,Jarid,Peter,jpeterbf@mapy.cz,Male,56.210.222.166
413,Britni,Blackah,bblackahbg@woothemes.com,Female,231.149.40.93
414,Lanny,Gregori,lgregoribh@deliciousdays.com,Male,97.229.8.75
415,Wake,Gabbetis,wgabbetisbi@shinystat.com,Male,222.97.209.18
416,Gracia,Dreier,gdreierbj@taobao.com,Female,210.87.90.63
417,Gayla,Thurske,gthurskebk@yahoo.com,Female,51.18.138.178
418,Brittani,Flag,bflagbl@forbes.com,Female,244.230.82.11
419,Del,Thornewell,dthornewellbm@imdb.com,Male,30.254.255.119
420,Jacinda,Edes,jedesbn@umich.edu,Female,15.33.49.136
421,Ingeborg,Hylden,ihyldenbo@google.ru,Female,101.149.98.214
422,Pier,Edney,pedneybp@e-recht24.de,Female,139.228.82.146
423,Tybalt,Sisse,tsissebq@unesco.org,Male,235.28.126.20
424,Gabbie,Kruse,gkrusebr@berkeley.edu,Female,202.41.88.16
425,Ceil,Cavalier,ccavalierbs@redcross.org,Female,76.241.233.1
426,Kitty,Tomblett,ktomblettbt@domainmarket.com,Female,73.86.151.178
427,Naoma,Ashby,nashbybu@myspace.com,Female,4.108.150.164
428,Honey,Thonason,hthonasonbv@prweb.com,Female,23.55.123.0
429,Cirillo,O'Geneay,cogeneaybw@va.gov,Male,220.84.233.117
430,Sonny,Azemar,sazemarbx@cafepress.com,Male,35.193.132.93
431,Selestina,Tearny,stearnyby@nyu.edu,Female,82.217.143.143
432,Lora,Pidgley,lpidgleybz@ihg.com,Female,11.152.20.83
433,Sammy,Batts,sbattsc0@livejournal.com,Female,38.50.226.228
434,Curtis,Jovicic,cjovicicc1@mit.edu,Male,104.10.76.189
435,Erda,Nodes,enodesc2@sfgate.com,Female,152.114.195.38
436,Ursola,Dable,udablec3@geocities.jp,Female,124.149.160.77
437,Wilton,Londsdale,wlondsdalec4@123-reg.co.uk,Male,91.17.25.144
438,Karleen,Padbery,kpadberyc5@barnesandnoble.com,Female,102.55.136.187
439,Viola,La Grange,vlagrangec6@google.de,Female,167.184.75.207
440,Arnoldo,Andersen,aandersenc7@tumblr.com,Male,39.142.164.208
441,Keeley,MacMurray,kmacmurrayc8@msn.com,Female,36.137.191.11
442,Nicol,Mordaunt,nmordauntc9@ning.com,Male,90.14.22.246
443,Chickie,Soff,csoffca@google.fr,Female,211.181.20.89
444,Cordie,Tyrone,ctyronecb@soundcloud.com,Female,78.168.129.189
445,Maritsa,Formby,mformbycc@craigslist.org,Female,208.195.230.143
446,Alverta,Bronger,abrongercd@disqus.com,Female,159.157.228.51
447,Esma,Rippingale,erippingalece@buzzfeed.com,Female,202.227.175.195
448,Drugi,Truce,dtrucecf@tamu.edu,Male,174.103.84.34
449,Alberik,Lenahan,alenahancg@google.nl,Male,46.221.185.27
450,Rahel,Katte,rkattech@abc.net.au,Female,118.90.196.95
451,Ricoriki,Kliner,rklinerci@reddit.com,Male,155.98.230.222
452,Anestassia,Mather,amathercj@goo.ne.jp,Female,180.7.29.68
453,Marcelline,Gini,mginick@istockphoto.com,Female,123.108.133.241
454,Abdel,Nyland,anylandcl@webs.com,Male,56.154.77.150
455,Blair,Maving,bmavingcm@phoca.cz,Female,22.211.7.27
456,Felicdad,Syrie,fsyriecn@indiegogo.com,Female,19.5.120.51
457,Chadd,Friel,cfrielco@nba.com,Male,180.9.228.53
458,Claire,Gomar,cgomarcp@friendfeed.com,Male,26.25.29.203
459,Allyson,Skelcher,askelchercq@ow.ly,Female,100.170.233.98
460,Trix,Singers,tsingerscr@ibm.com,Female,134.69.222.161
461,Howey,Chatelain,hchatelaincs@e-recht24.de,Male,190.166.149.76
462,Diana,Sample,dsamplect@boston.com,Bigender,109.142.177.6
463,Frans,Northedge,fnorthedgecu@miitbeian.gov.cn,Male,81.21.189.226
464,Anabella,Axtens,aaxtenscv@blinklist.com,Female,27.115.94.217
465,Julieta,Swalowe,jswalowecw@yelp.com,Female,36.235.95.120
466,Cary,Mazin,cmazincx@hibu.com,Male,21.55.70.168
467,Jessey,Emeline,jemelinecy@blogger.com,Male,8.101.254.102
468,Dolf,Shakshaft,dshakshaftcz@washington.edu,Male,154.196.171.97
469,Robinia,Elstone,relstoned0@aboutads.info,Female,199.121.44.111
470,Tomaso,Binnie,tbinnied1@accuweather.com,Male,40.142.142.228
471,Annemarie,Tozer,atozerd2@ebay.com,Female,56.71.94.222
472,Tommy,Devil,tdevild3@elpais.com,Male,215.34.85.231
473,Tresa,Beecham,tbeechamd4@latimes.com,Female,57.9.100.207
474,Dom,Ivanov,divanovd5@clickbank.net,Male,70.244.90.120
475,Faith,Vowells,fvowellsd6@example.com,Female,167.98.161.41
476,Merrilee,Searby,msearbyd7@ehow.com,Female,213.79.52.4
477,Juan,Robertet,jrobertetd8@youku.com,Male,12.169.78.247
478,Jinny,Ianitti,jianittid9@unicef.org,Female,181.157.129.11
479,Val,Pillans,vpillansda@usatoday.com,Genderfluid,110.119.88.46
480,Giuseppe,Misson,gmissondb@reuters.com,Genderfluid,15.89.255.174
481,Lolita,Winsley,lwinsleydc@huffingtonpost.com,Female,2.91.136.128
482,Gwenneth,Uttridge,guttridgedd@163.com,Female,35.196.153.218
483,Zahara,Seamon,zseamonde@dagondesign.com,Female,206.29.62.17
484,Kalindi,Jendrassik,kjendrassikdf@tiny.cc,Female,53.242.137.137
485,Evelyn,Creavin,ecreavindg@plala.or.jp,Female,178.131.41.126
486,Donnell,Goeff,dgoeffdh@tuttocitta.it,Male,217.146.96.237
487,Martyn,Alesbrook,malesbrookdi@istockphoto.com,Male,77.81.140.100
488,Bernete,Ridde,briddedj@admin.ch,Female,24.204.121.52
489,Gwenora,Stickney,gstickneydk@youtube.com,Bigender,7.222.155.170
490,Reinold,Dallicoat,rdallicoatdl@squarespace.com,Male,247.53.203.249
491,Schuyler,Gantlett,sgantlettdm@vimeo.com,Male,176.54.22.196
492,Farrell,Marguerite,fmargueritedn@wordpress.com,Male,82.39.9.239
493,Bev,Sertin,bsertindo@vistaprint.com,Male,70.186.132.239
494,Bibbie,Wofenden,bwofendendp@lulu.com,Non-binary,158.168.77.137
495,Nerita,Aylmore,naylmoredq@addtoany.com,Female,69.179.212.16
496,Eugine,Kloster,eklosterdr@google.co.jp,Female,31.55.250.80
497,Ramsey,Gissop,rgissopds@wisc.edu,Male,83.234.218.239
498,Saleem,Bellow,sbellowdt@g.co,Male,154.32.54.119
499,Garnette,Winskill,gwinskilldu@dyndns.org,Female,88.38.97.19
500,Jaquelin,Kittiman,jkittimandv@yale.edu,Female,236.252.247.220
501,Natale,Agge,naggedw@patch.com,Male,33.164.44.227
502,Araldo,Coushe,acoushedx@squidoo.com,Male,152.21.81.12
503,Masha,Raywood,mraywooddy@howstuffworks.com,Female,117.218.245.231
504,Bernardo,Hegerty,bhegertydz@cyberchimps.com,Bigender,3.52.128.18
505,Vernen,Backes,vbackese0@ted.com,Male,250.77.198.127
506,Scot,Kennea,skenneae1@ox.ac.uk,Male,8.210.18.117
507,Darsey,Shyres,dshyrese2@behance.net,Female,238.138.82.47
508,Torr,Haydn,thaydne3@prnewswire.com,Male,187.233.0.11
509,Hobard,Deluce,hdelucee4@purevolume.com,Male,2.255.4.38
510,Bordy,Ingledow,bingledowe5@aboutads.info,Male,120.167.2.102
511,Janeva,MacCard,jmaccarde6@spiegel.de,Female,242.77.225.218
512,Ortensia,Murricanes,omurricanese7@miitbeian.gov.cn,Female,7.122.117.242
513,Kathryn,Jeynes,kjeynese8@boston.com,Female,176.151.109.81
514,Pascale,Swadlinge,pswadlingee9@themeforest.net,Male,108.25.23.134
515,Caroline,Sawyers,csawyersea@reverbnation.com,Female,194.204.72.255
516,Ettore,Maccrea,emaccreaeb@scribd.com,Male,68.216.48.116
517,Dene,Flockhart,dflockhartec@un.org,Male,196.182.86.191
518,Elberta,MacKessock,emackessocked@prnewswire.com,Female,45.229.10.214
519,Aloise,Shann,ashannee@fotki.com,Female,28.69.85.188
520,Arron,Duggen,aduggenef@indiegogo.com,Agender,228.53.67.75
521,Karla,Swayland,kswaylandeg@columbia.edu,Female,128.252.190.121
522,Bonnibelle,Splevin,bsplevineh@princeton.edu,Female,246.26.206.183
523,Edgar,Uridge,euridgeei@omniture.com,Male,58.170.132.224
524,Bordy,Piborn,bpibornej@fastcompany.com,Male,226.93.133.6
525,Ravi,Johnston,rjohnstonek@japanpost.jp,Male,218.140.101.101
526,Lucien,Wardlaw,lwardlawel@icq.com,Male,167.33.223.207
527,Ianthe,Mooney,imooneyem@wisc.edu,Female,206.78.111.242
528,Noak,Kynder,nkynderen@cbc.ca,Male,171.246.143.45
529,Roseann,Juliano,rjulianoeo@springer.com,Female,160.190.74.167
530,Irene,Burl,iburlep@salon.com,Female,144.212.91.188
531,Elton,Spalls,espallseq@scientificamerican.com,Male,189.202.200.244
532,Emmett,Furmagier,efurmagierer@usnews.com,Male,126.146.66.163
533,Maxy,Hodgins,mhodginses@wix.com,Genderqueer,110.109.222.37
534,Dom,Rickertsen,drickertsenet@imageshack.us,Male,176.45.45.52
535,Hettie,Tissell,htisselleu@ted.com,Female,47.206.63.244
536,Serge,Batecok,sbatecokev@usgs.gov,Male,143.224.147.224
537,Marney,Roelvink,mroelvinkew@ted.com,Female,184.53.113.52
538,Leigha,D'Avaux,ldavauxex@csmonitor.com,Female,106.107.186.202
539,Tiertza,Dunstone,tdunstoneey@ycombinator.com,Female,236.211.207.28
540,Mikael,Bunclark,mbunclarkez@examiner.com,Male,117.139.173.99
541,Teador,Walework,twaleworkf0@goodreads.com,Male,69.23.94.45
542,Antone,Ovenell,aovenellf1@paginegialle.it,Male,83.71.55.253
543,Siobhan,Zuann,szuannf2@whitehouse.gov,Female,13.166.13.62
544,Abey,Slate,aslatef3@psu.edu,Polygender,22.7.61.170
545,Chip,Tithecote,ctithecotef4@dropbox.com,Male,249.109.232.15
546,Sue,Siaspinski,ssiaspinskif5@ucoz.ru,Female,149.11.104.43
547,Aaron,Crassweller,acrasswellerf6@economist.com,Male,69.148.244.155
548,Shay,McArd,smcardf7@meetup.com,Genderqueer,219.245.57.24
549,Law,Lurriman,llurrimanf8@google.fr,Non-binary,255.53.147.196
550,Farlee,Mawd,fmawdf9@spiegel.de,Male,177.182.10.220
551,Winnifred,Addenbrooke,waddenbrookefa@smugmug.com,Female,241.149.126.244
552,Eduino,Vannuccinii,evannucciniifb@1688.com,Male,25.30.51.114
553,Charmane,Nolin,cnolinfc@shop-pro.jp,Female,106.169.244.128
554,Ellerey,Carn,ecarnfd@rediff.com,Male,102.245.24.234
555,Chrissie,Dorrity,cdorrityfe@aboutads.info,Male,56.230.216.171
556,Malvina,Thow,mthowff@t-online.de,Bigender,0.153.53.118
557,Si,Kennifeck,skennifeckfg@wikispaces.com,Male,71.84.69.8
558,Caria,Catteroll,ccatterollfh@yolasite.com,Female,218.15.214.225
559,Zorina,Custance,zcustancefi@usnews.com,Female,247.33.226.141
560,Melisse,Pickring,mpickringfj@netscape.com,Female,130.218.30.163
561,Geneva,Lermouth,glermouthfk@constantcontact.com,Female,95.99.80.213
562,Fin,McCloughlin,fmccloughlinfl@jiathis.com,Male,64.46.71.133
563,Artair,Borwick,aborwickfm@de.vu,Male,245.221.199.66
564,Gregorius,Gotter,ggotterfn@histats.com,Male,3.58.214.148
565,Berni,Goldsmith,bgoldsmithfo@freewebs.com,Female,136.43.40.220
566,Jacquenetta,Goulbourne,jgoulbournefp@symantec.com,Female,255.103.225.187
567,Obidiah,Messiter,omessiterfq@feedburner.com,Male,250.115.246.227
568,Dalila,Keasley,dkeasleyfr@skype.com,Bigender,36.208.81.143
569,Fields,Wehnerr,fwehnerrfs@go.com,Male,56.196.14.155
570,Christiana,Fisk,cfiskft@elpais.com,Female,191.222.135.126
571,Aveline,Kenvin,akenvinfu@plala.or.jp,Female,101.118.75.78
572,Marge,McGorman,mmcgormanfv@qq.com,Female,212.40.99.78
573,Ignazio,Osipov,iosipovfw@springer.com,Non-binary,98.59.153.205
574,Maje,Christopherson,mchristophersonfx@tmall.com,Bigender,32.15.67.59
575,Lynnelle,Ibeson,libesonfy@google.com.hk,Female,219.75.210.75
576,Montague,Tuff,mtufffz@mac.com,Non-binary,174.84.119.76
577,Cullan,Mathieson,cmathiesong0@pagesperso-orange.fr,Male,80.186.223.173
578,Dur,Whitwood,dwhitwoodg1@kickstarter.com,Male,116.204.211.142
579,Gerome,Greep,ggreepg2@state.tx.us,Male,182.59.86.52
580,Rodrigo,Welden,rweldeng3@photobucket.com,Male,149.85.180.186
581,Gray,Sherborn,gsherborng4@twitter.com,Female,209.234.248.64
582,Lorine,Aingel,laingelg5@ihg.com,Female,105.242.140.249
583,Shaine,Brosel,sbroselg6@reference.com,Bigender,155.58.12.186
584,Alfy,Bruins,abruinsg7@ftc.gov,Male,33.204.167.101
585,Devonne,Cushelly,dcushellyg8@macromedia.com,Female,217.110.199.202
586,Wainwright,Plank,wplankg9@ehow.com,Male,42.186.160.215
587,Rudolph,Trammel,rtrammelga@newsvine.com,Male,12.80.122.173
588,Emile,Eblein,eebleingb@mediafire.com,Male,198.52.104.66
589,Sansone,Elsie,selsiegc@paypal.com,Male,147.108.57.228
590,Ollie,Fawltey,ofawlteygd@t.co,Genderqueer,199.4.118.24
591,Gisele,Eaken,geakenge@techcrunch.com,Female,25.190.5.70
592,Cesar,Prior,cpriorgf@microsoft.com,Male,21.220.83.192
593,Colin,Kingsman,ckingsmangg@sciencedaily.com,Male,0.252.139.173
594,Adriena,Keming,akeminggh@indiatimes.com,Genderqueer,19.230.167.255
595,Daloris,Gaunson,dgaunsongi@go.com,Female,31.15.67.115
596,Delmor,Griffen,dgriffengj@elpais.com,Male,152.128.217.218
597,Delano,Barribal,dbarribalgk@gnu.org,Male,91.85.145.141
598,Jamima,Renshaw,jrenshawgl@dyndns.org,Non-binary,146.154.138.248
599,Brigitta,Foden,bfodengm@yelp.com,Female,165.110.37.168
600,Torrey,Ondrusek,tondrusekgn@posterous.com,Male,102.97.27.195
601,Hermie,Pedley,hpedleygo@china.com.cn,Male,247.45.69.136
602,Lyon,Phibb,lphibbgp@bluehost.com,Male,130.143.205.79
603,Alvis,Hecks,ahecksgq@ebay.com,Male,240.99.45.133
604,Lanette,Mathiasen,lmathiasengr@people.com.cn,Bigender,122.18.108.59
605,Sabrina,Frogley,sfrogleygs@mozilla.org,Female,66.35.4.164
606,Efrem,Karlolak,ekarlolakgt@sitemeter.com,Male,180.14.25.78
607,Margarethe,O'Fogarty,mofogartygu@jugem.jp,Female,149.230.106.104
608,Marielle,Goldis,mgoldisgv@dedecms.com,Female,189.184.174.190
609,Othello,Acors,oacorsgw@clickbank.net,Male,185.17.3.226
610,Rhianon,Hemphall,rhemphallgx@sphinn.com,Female,246.202.53.39
611,Dane,Chant,dchantgy@google.ca,Genderfluid,170.119.41.226
612,Tyrone,Trencher,ttrenchergz@quantcast.com,Male,84.21.171.61
613,Shaylah,Murcutt,smurcutth0@free.fr,Female,136.58.45.234
614,Tedie,Dana,tdanah1@cornell.edu,Male,232.132.22.143
615,Maurizia,Kill,mkillh2@webeden.co.uk,Female,40.122.185.66
616,Adi,Pearde,apeardeh3@hhs.gov,Female,36.200.236.101
617,Syman,Pigney,spigneyh4@deviantart.com,Male,101.51.241.134
618,Giustina,Blunderfield,gblunderfieldh5@example.com,Female,128.139.59.146
619,Dottie,Apark,daparkh6@theglobeandmail.com,Female,62.246.228.172
620,Jenni,Titterrell,jtitterrellh7@house.gov,Female,164.27.224.141
621,Raye,Ainge,raingeh8@amazonaws.com,Female,54.234.13.237
622,Christel,Urch,curchh9@lulu.com,Polygender,143.39.186.108
623,Wells,Giamitti,wgiamittiha@redcross.org,Male,13.134.183.230
624,Melony,Gosnay,mgosnayhb@samsung.com,Female,153.115.115.106
625,Adelaida,Glyde,aglydehc@mtv.com,Female,213.138.246.191
626,Shanie,Cale,scalehd@ucoz.com,Female,214.140.135.237
627,Dwayne,Cuttles,dcuttleshe@techcrunch.com,Male,74.231.242.36
628,Burr,Almey,balmeyhf@google.fr,Male,47.175.48.92
629,Bobbette,Elcoate,belcoatehg@nhs.uk,Female,134.108.186.91
630,Annis,Carver,acarverhh@netscape.com,Female,56.119.45.229
631,Billy,Castellini,bcastellinihi@deliciousdays.com,Female,197.20.79.111
632,Maure,Emmett,memmetthj@free.fr,Female,143.112.158.204
633,Michal,Adaway,madawayhk@twitter.com,Male,87.87.140.87
634,Alastair,German,agermanhl@diigo.com,Male,190.137.83.33
635,Carny,Rizzetti,crizzettihm@discuz.net,Male,48.172.101.44
636,Micheline,Mariner,mmarinerhn@microsoft.com,Female,112.27.168.62
637,Ashley,Lucio,alucioho@mozilla.com,Female,233.115.220.123
638,Lewie,Sommerly,lsommerlyhp@booking.com,Male,118.100.41.110
639,Brit,Ten Broek,btenbroekhq@technorati.com,Polygender,86.250.74.90
640,Dex,Tute,dtutehr@photobucket.com,Male,202.13.230.127
641,Denna,Gabler,dgablerhs@prweb.com,Female,90.188.197.171
642,Jeremie,Bamsey,jbamseyht@sciencedirect.com,Male,214.137.234.77
643,Berke,Magill,bmagillhu@parallels.com,Male,123.90.125.199
644,Berk,Briereton,bbrieretonhv@huffingtonpost.com,Male,122.116.208.32
645,Morse,Loudiane,mloudianehw@ameblo.jp,Male,112.236.209.7
646,Gabriello,Mulroy,gmulroyhx@columbia.edu,Male,57.201.189.230
647,Ansley,Tilt,atilthy@tripadvisor.com,Female,225.32.45.160
648,Alic,Alessandretti,aalessandrettihz@japanpost.jp,Male,174.162.83.190
649,Rhiamon,Summersby,rsummersbyi0@nhs.uk,Female,92.16.152.13
650,Doralia,Defrain,ddefraini1@cloudflare.com,Female,90.17.199.117
651,Chloette,Derington,cderingtoni2@lycos.com,Female,149.104.132.18
652,Megan,Beal,mbeali3@kickstarter.com,Female,68.155.39.120
653,Keri,Rubes,krubesi4@zdnet.com,Female,147.86.153.167
654,George,Wassell,gwasselli5@state.gov,Male,199.208.170.67
655,Delly,Crews,dcrewsi6@businessinsider.com,Female,153.227.216.99
656,Ethelred,Maffeo,emaffeoi7@shutterfly.com,Male,150.78.234.225
657,Issi,Schule,ischulei8@stumbleupon.com,Female,116.28.153.168
658,Di,Allum,dallumi9@printfriendly.com,Female,94.218.39.27
659,Shem,Chart,schartia@webs.com,Male,158.166.88.166
660,Willey,Healeas,whealeasib@cisco.com,Male,183.197.158.178
661,Nathanael,Kubacki,nkubackiic@pbs.org,Male,150.39.37.254
662,Arlie,Ellershaw,aellershawid@ucoz.com,Female,60.97.221.54
663,Amargo,Cottam,acottamie@deviantart.com,Female,13.3.171.185
664,Gabriellia,Torvey,gtorveyif@slideshare.net,Female,32.156.80.63
665,Remy,Cunnane,rcunnaneig@usatoday.com,Female,45.87.131.204
666,Florry,Ropars,froparsih@skyrock.com,Female,246.154.244.243
667,Correna,Rominov,crominovii@vk.com,Female,153.223.228.231
668,Wolfgang,McCafferky,wmccafferkyij@bing.com,Male,246.250.4.203
669,Jaquenetta,Haggeth,jhaggethik@unc.edu,Female,71.221.169.130
670,Ynez,Treen,ytreenil@toplist.cz,Female,33.31.57.30
671,Roldan,Corp,rcorpim@nifty.com,Male,253.71.146.196
672,Alfi,Sivewright,asivewrightin@51.la,Female,172.252.61.100
673,Reyna,Jagson,rjagsonio@smugmug.com,Female,23.201.38.109
674,Dene,Childs,dchildsip@icq.com,Male,90.229.211.198
675,Ardelis,Minelli,aminelliiq@ed.gov,Female,215.29.226.203
676,Jocko,Allcoat,jallcoatir@blogspot.com,Male,207.205.99.155
677,Sara,Darnody,sdarnodyis@baidu.com,Female,186.125.31.145
678,Patience,While,pwhileit@booking.com,Female,110.255.248.229
679,Kimbell,Nolli,knolliiu@newyorker.com,Agender,134.169.162.81
680,Arnoldo,Kordova,akordovaiv@yahoo.co.jp,Male,65.226.250.215
681,Dyna,Augur,dauguriw@weibo.com,Female,203.72.158.104
682,Griffie,Goodban,ggoodbanix@typepad.com,Male,34.13.160.40
683,Minne,Beament,mbeamentiy@bigcartel.com,Female,91.64.101.165
684,Alvin,Facey,afaceyiz@huffingtonpost.com,Male,146.226.26.165
685,Poppy,Crisford,pcrisfordj0@furl.net,Female,167.191.187.206
686,Sheridan,Asaaf,sasaafj1@hp.com,Male,182.33.174.102
687,Klara,Reglar,kreglarj2@buzzfeed.com,Female,208.168.237.103
688,Lisa,March,lmarchj3@cafepress.com,Female,56.234.191.220
689,Giustino,Feronet,gferonetj4@ucsd.edu,Male,18.156.103.85
690,Hoebart,Vardon,hvardonj5@seattletimes.com,Male,68.128.247.166
691,Janos,Huddleston,jhuddlestonj6@smh.com.au,Male,103.167.199.80
692,Lauri,Mahedy,lmahedyj7@opera.com,Female,227.156.121.2
693,Lewes,Phizacklea,lphizackleaj8@amazon.de,Male,101.152.171.144
694,Aile,Cettell,acettellj9@mapy.cz,Female,67.253.170.252
695,Illa,O'Brogane,iobroganeja@studiopress.com,Female,108.82.160.74
696,Thatch,Yeomans,tyeomansjb@cpanel.net,Polygender,72.80.218.75
697,Vitia,Beecraft,vbeecraftjc@godaddy.com,Polygender,34.131.210.132
698,Cornela,Boissier,cboissierjd@quantcast.com,Female,195.194.199.17
699,Lutero,Strute,lstruteje@scribd.com,Male,189.236.127.164
700,Tarra,Doidge,tdoidgejf@sciencedaily.com,Female,184.197.126.245
701,Giffer,Greatham,ggreathamjg@army.mil,Male,130.3.100.26
702,Angeli,Rickertsen,arickertsenjh@yelp.com,Male,109.75.142.252
703,Muhammad,Perin,mperinji@cdc.gov,Male,146.135.153.4
704,Lorrin,Sallarie,lsallariejj@senate.gov,Female,168.217.63.216
705,Lidia,Bryan,lbryanjk@ft.com,Female,238.69.233.236
706,Olia,Jedrasik,ojedrasikjl@blog.com,Female,87.109.178.241
707,Eduino,Warrender,ewarrenderjm@123-reg.co.uk,Male,206.161.74.108
708,Darryl,McCrostie,dmccrostiejn@bloglovin.com,Male,41.182.179.220
709,Lenette,Dowson,ldowsonjo@latimes.com,Female,127.6.14.44
710,Yardley,Opie,yopiejp@examiner.com,Male,200.140.109.87
711,Ly,Ghilks,lghilksjq@imgur.com,Male,196.50.16.78
712,Penrod,Copley,pcopleyjr@symantec.com,Male,89.228.108.233
713,Katine,Cromblehome,kcromblehomejs@narod.ru,Female,96.120.163.10
714,Pat,Savin,psavinjt@state.tx.us,Female,213.186.175.108
715,Lisette,Reddyhoff,lreddyhoffju@comcast.net,Female,167.197.79.13
716,Celene,Shilito,cshilitojv@kickstarter.com,Female,78.32.38.171
717,Norris,Dudderidge,ndudderidgejw@pbs.org,Male,6.12.21.207
718,Cedric,Fortescue,cfortescuejx@e-recht24.de,Male,84.115.31.117
719,Adelheid,Osgerby,aosgerbyjy@businessinsider.com,Female,180.137.27.147
720,Delphine,MacAlroy,dmacalroyjz@hostgator.com,Female,162.67.98.206
721,Brinna,Dyshart,bdyshartk0@live.com,Female,183.32.253.16
722,Bethina,Trundle,btrundlek1@feedburner.com,Female,155.2.215.59
723,Hallsy,Bateman,hbatemank2@mozilla.com,Male,82.232.28.45
724,Kenton,Cookman,kcookmank3@ameblo.jp,Male,203.16.160.58
725,Peri,Austing,paustingk4@amazon.co.jp,Female,83.66.18.19
726,Erie,Risebrow,erisebrowk5@huffingtonpost.com,Male,113.112.121.36
727,Hagan,Nairns,hnairnsk6@google.co.uk,Male,138.174.146.145
728,Caryn,Ratray,cratrayk7@hexun.com,Female,89.104.169.37
729,Gardie,Bever,gbeverk8@studiopress.com,Male,252.157.199.114
730,Cleve,Gercken,cgerckenk9@twitter.com,Male,181.53.25.254
731,Julina,Lofting,jloftingka@goo.gl,Female,39.135.205.149
732,Trumann,Carlesso,tcarlessokb@csmonitor.com,Male,155.88.81.226
733,Kirbee,Newick,knewickkc@google.es,Female,60.6.101.152
734,Gelya,Maisey,gmaiseykd@xinhuanet.com,Female,186.154.131.62
735,Alejandra,Anstead,aansteadke@abc.net.au,Female,45.30.168.113
736,Wilfred,Turfus,wturfuskf@smugmug.com,Male,36.22.40.159
737,Nessy,Luttgert,nluttgertkg@dion.ne.jp,Genderqueer,243.143.28.229
738,Coleman,Blakeston,cblakestonkh@sciencedaily.com,Male,235.117.64.161
739,Hammad,Adamo,hadamoki@wikimedia.org,Male,25.13.255.131
740,Meghann,Peterken,mpeterkenkj@imageshack.us,Genderfluid,204.103.177.145
741,Jeanna,Lohoar,jlohoarkk@cmu.edu,Female,158.221.41.209
742,Consuelo,Westfalen,cwestfalenkl@goo.ne.jp,Female,43.111.232.211
743,Shadow,Nisen,snisenkm@goo.ne.jp,Male,73.172.152.139
744,Cesar,Gioani,cgioanikn@surveymonkey.com,Bigender,227.217.67.223
745,Sal,Jewers,sjewersko@mozilla.org,Male,157.56.187.243
746,Eustacia,Fermoy,efermoykp@blog.com,Female,239.192.40.104
747,Carrissa,Dreelan,cdreelankq@printfriendly.com,Female,78.240.14.163
748,Ettore,Sealove,esealovekr@ovh.net,Male,84.134.167.234
749,Goddart,Petcher,gpetcherks@ezinearticles.com,Male,247.79.96.253
750,Artair,Dace,adacekt@boston.com,Male,202.0.240.79
751,Boycie,Huffadine,bhuffadineku@stanford.edu,Male,43.175.101.255
752,Witty,Banbrook,wbanbrookkv@sogou.com,Male,62.164.51.7
753,Otis,Bohje,obohjekw@boston.com,Male,159.64.89.117
754,Gertruda,Brawley,gbrawleykx@github.io,Female,164.16.113.103
755,Nerissa,Bench,nbenchky@washington.edu,Female,243.164.10.155
756,Alwyn,Bennike,abennikekz@vkontakte.ru,Male,75.253.236.104
757,Vito,Lillistone,vlillistonel0@csmonitor.com,Male,248.53.164.166
758,Carmine,Corley,ccorleyl1@usgs.gov,Male,12.110.16.103
759,Hunfredo,Skedge,hskedgel2@sfgate.com,Male,0.4.116.213
760,Cletus,Bitchener,cbitchenerl3@odnoklassniki.ru,Male,179.151.60.206
761,Miltie,Toderini,mtoderinil4@pagesperso-orange.fr,Male,66.178.10.192
762,Elbert,Fockes,efockesl5@army.mil,Polygender,62.164.110.36
763,Eda,Sommerled,esommerledl6@fda.gov,Female,107.79.249.91
764,Bond,McIlveen,bmcilveenl7@fda.gov,Male,26.40.173.146
765,Dolly,Titman,dtitmanl8@ucoz.ru,Female,81.117.227.68
766,Fred,Cheeseman,fcheesemanl9@acquirethisname.com,Agender,52.190.50.138
767,Devlen,Lively,dlivelyla@hexun.com,Male,77.26.214.217
768,Haroun,Brilon,hbrilonlb@comsenz.com,Male,31.95.9.74
769,Ogdon,Windham,owindhamlc@vk.com,Male,132.218.218.101
770,Gustie,Lampard,glampardld@census.gov,Female,64.92.198.75
771,Fair,O'Cullinane,focullinanele@ifeng.com,Male,48.76.174.211
772,Candis,McMullen,cmcmullenlf@nifty.com,Female,27.58.106.239
773,Kylynn,Shetliff,kshetlifflg@surveymonkey.com,Female,26.114.102.8
774,Felecia,Bartomeu,fbartomeulh@wikimedia.org,Female,40.26.67.23
775,Nannette,Carlick,ncarlickli@google.pl,Female,163.74.224.186
776,Waylan,Lapish,wlapishlj@fotki.com,Male,218.143.126.3
777,Lilllie,Leebeter,lleebeterlk@comsenz.com,Female,30.46.254.209
778,Muriel,Southway,msouthwayll@unicef.org,Female,43.250.151.78
779,Franny,Sivewright,fsivewrightlm@cdc.gov,Male,139.68.172.187
780,Fifi,Costell,fcostellln@mozilla.com,Female,229.153.133.140
781,Letitia,Nutkin,lnutkinlo@facebook.com,Bigender,208.69.31.167
782,Vivianna,Stoffels,vstoffelslp@multiply.com,Female,222.20.157.100
783,Serge,Stranaghan,sstranaghanlq@photobucket.com,Male,161.205.27.225
784,Shandie,Gniewosz,sgniewoszlr@stumbleupon.com,Female,5.129.111.176
785,Cristiano,Stallibrass,cstallibrassls@symantec.com,Male,51.199.97.102
786,Carver,Patel,cpatellt@springer.com,Male,246.204.77.146
787,Nye,Bridgwood,nbridgwoodlu@joomla.org,Male,20.64.234.132
788,Base,Palfrie,bpalfrielv@shutterfly.com,Male,92.121.123.203
789,Tobie,Ridges,tridgeslw@newyorker.com,Male,66.121.34.62
790,Sherye,Jellybrand,sjellybrandlx@tripadvisor.com,Female,31.81.68.161
791,Nefen,Witherington,nwitheringtonly@jiathis.com,Male,89.187.211.239
792,Joice,Giacomuzzo,jgiacomuzzolz@google.co.uk,Female,210.216.130.205
793,Vanya,Tuttiett,vtuttiettm0@nytimes.com,Male,132.163.201.248
794,Terrijo,Dunnet,tdunnetm1@disqus.com,Female,248.80.229.178
795,Alaine,McGeffen,amcgeffenm2@soup.io,Female,29.11.86.169
796,Bennett,Hearsey,bhearseym3@behance.net,Male,253.78.10.35
797,Giff,Ormshaw,gormshawm4@sakura.ne.jp,Male,138.126.220.55
798,Oralee,Lambourne,olambournem5@marriott.com,Female,214.201.62.119
799,Flin,Kummerlowe,fkummerlowem6@myspace.com,Male,139.195.167.78
800,Ernestus,Stoker,estokerm7@msu.edu,Male,187.143.195.36
801,Carmelle,Buzine,cbuzinem8@gizmodo.com,Female,46.105.123.154
802,Junette,Stephens,jstephensm9@blogtalkradio.com,Female,199.35.76.211
803,Eb,Plowell,eplowellma@chron.com,Male,225.162.206.251
804,Joseito,Hurst,jhurstmb@washingtonpost.com,Male,209.239.183.239
805,Davidde,Saby,dsabymc@biblegateway.com,Genderqueer,104.51.108.100
806,Kienan,McKeller,kmckellermd@bandcamp.com,Male,241.46.225.235
807,Karalynn,Truce,ktruceme@dyndns.org,Female,115.22.197.95
808,Angus,Banger,abangermf@java.com,Male,200.236.237.177
809,Nickie,Harron,nharronmg@army.mil,Male,213.125.166.148
810,Mohandis,Kaszper,mkaszpermh@tamu.edu,Male,155.83.104.94
811,Wilmette,Chasmor,wchasmormi@indiatimes.com,Female,38.180.209.216
812,Thacher,Impey,timpeymj@yellowbook.com,Male,142.10.167.162
813,Joannes,Seldon,jseldonmk@ihg.com,Female,172.51.95.140
814,Jedd,Harper,jharperml@webnode.com,Male,140.107.111.2
815,Jarad,Izacenko,jizacenkomm@newsvine.com,Male,247.230.203.145
816,Vitia,Stredwick,vstredwickmn@house.gov,Female,124.88.18.174
817,Babara,Le Sieur,blesieurmo@buzzfeed.com,Female,226.98.20.197
818,Goldina,Oguz,goguzmp@sitemeter.com,Female,21.209.8.74
819,Angel,Dootson,adootsonmq@hibu.com,Male,122.93.243.40
820,Amory,Brazer,abrazermr@dot.gov,Male,141.245.9.78
821,Annalee,Ferne,afernems@phoca.cz,Female,65.150.251.178
822,Hettie,Lohrensen,hlohrensenmt@aol.com,Female,57.139.172.76
823,Roderic,Pemble,rpemblemu@blog.com,Male,96.199.65.108
824,Raynard,Gillease,rgilleasemv@xrea.com,Male,125.131.11.56
825,Emelita,Razzell,erazzellmw@samsung.com,Female,221.231.242.171
826,Ofilia,Ingre,oingremx@gov.uk,Female,235.26.78.250
827,Rhodie,Trapp,rtrappmy@examiner.com,Polygender,240.131.66.12
828,Bryant,Fanner,bfannermz@acquirethisname.com,Male,141.51.234.101
829,Hilary,Sallows,hsallowsn0@wisc.edu,Female,2.65.166.176
830,Lambert,Rosebotham,lrosebothamn1@jimdo.com,Male,115.183.239.66
831,Nicholas,Froggatt,nfroggattn2@geocities.com,Male,172.48.101.48
832,Godard,Clem,gclemn3@senate.gov,Male,78.137.208.106
833,Celestine,Grime,cgrimen4@sina.com.cn,Female,48.27.197.54
834,Ernie,Kilsby,ekilsbyn5@amazon.co.jp,Male,110.50.238.38
835,Abraham,Hastie,ahastien6@dyndns.org,Male,150.253.93.91
836,Sheba,Pinching,spinchingn7@chicagotribune.com,Female,200.5.211.5
837,Fraze,Boule,fboulen8@baidu.com,Agender,190.22.92.2
838,Elias,Lockey,elockeyn9@reference.com,Male,118.217.84.201
839,Richy,Limming,rlimmingna@google.com.br,Male,242.239.240.135
840,Duane,Casillas,dcasillasnb@amazonaws.com,Male,83.232.244.201
841,Piper,Gages,pgagesnc@theguardian.com,Female,200.10.242.188
842,Lewes,Pagelsen,lpagelsennd@stanford.edu,Male,210.5.96.125
843,Lorelei,Keeney,lkeeneyne@hugedomains.com,Female,110.202.21.210
844,Lianne,Tomasini,ltomasininf@hud.gov,Female,214.119.238.78
845,Atlanta,Strattan,astrattanng@t.co,Female,182.101.164.207
846,Land,Castagnaro,lcastagnaronh@networkadvertising.org,Bigender,45.27.247.74
847,Duke,Calven,dcalvenni@unblog.fr,Male,17.142.5.114
848,Trina,Boate,tboatenj@blogspot.com,Non-binary,216.49.197.76
849,Andy,Gallgher,agallghernk@github.io,Male,55.108.123.220
850,Corilla,D'Cruze,cdcruzenl@seesaa.net,Female,174.243.178.89
851,Felipe,Christian,fchristiannm@drupal.org,Male,141.48.149.140
852,Joann,Galey,jgaleynn@wisc.edu,Female,135.202.52.65
853,Hana,Roggers,hroggersno@bloomberg.com,Bigender,255.107.199.208
854,Von,Worner,vwornernp@wikipedia.org,Male,90.218.228.180
855,Didi,Lefwich,dlefwichnq@intel.com,Genderqueer,195.60.90.126
856,Kahaleel,Ralfe,kralfenr@yandex.ru,Male,190.80.180.105
857,Adrian,Fear,afearns@prnewswire.com,Female,244.70.162.40
858,Tracy,Capper,tcappernt@usnews.com,Polygender,52.57.77.193
859,Nessie,Double,ndoublenu@hatena.ne.jp,Female,191.111.118.124
860,Godwin,Gabriely,ggabrielynv@instagram.com,Bigender,173.136.3.166
861,Ilyse,Beresfore,iberesforenw@bbb.org,Female,192.225.1.99
862,Kennith,Lyptrit,klyptritnx@github.com,Male,39.150.28.226
863,Israel,Chotty,ichottyny@booking.com,Male,203.33.74.195
864,Beckie,Cicutto,bcicuttonz@cnn.com,Female,189.160.219.74
865,Corrie,Gaunt,cgaunto0@storify.com,Female,147.253.203.194
866,Olly,Klassman,oklassmano1@nifty.com,Female,47.76.68.40
867,Malcolm,Wallwork,mwallworko2@apple.com,Male,21.81.226.216
868,Randall,D'eathe,rdeatheo3@facebook.com,Male,222.120.2.105
869,Bendite,O'Breen,bobreeno4@netlog.com,Female,164.92.147.133
870,Bernete,Sertin,bsertino5@loc.gov,Female,112.54.165.183
871,Portia,Clurow,pclurowo6@rakuten.co.jp,Genderqueer,98.36.199.249
872,Coletta,Devereu,cdevereuo7@cdbaby.com,Female,208.176.106.7
873,Egon,Bosence,ebosenceo8@answers.com,Male,9.32.203.85
874,Sula,Robertucci,srobertuccio9@ed.gov,Female,194.104.231.129
875,Julia,Febre,jfebreoa@reference.com,Female,47.77.247.126
876,Nikolaos,Quince,nquinceob@creativecommons.org,Male,166.124.111.129
877,Peri,McCraine,pmccraineoc@tinypic.com,Female,41.98.181.72
878,Allianora,Beswick,abeswickod@hhs.gov,Female,119.229.107.207
879,Gelya,Kopman,gkopmanoe@patch.com,Female,203.249.144.88
880,Deanne,Holborn,dholbornof@topsy.com,Female,72.41.2.222
881,Ricoriki,Rush,rrushog@blog.com,Genderqueer,216.202.113.101
882,Querida,Antunes,qantunesoh@ustream.tv,Female,130.4.90.110
883,Hasheem,Ledamun,hledamunoi@pcworld.com,Male,110.141.98.230
884,Rory,Mayhou,rmayhouoj@gmpg.org,Female,216.172.161.238
885,Anselm,Ricciardelli,aricciardelliok@goo.ne.jp,Male,171.147.210.65
886,Murray,Elwel,melwelol@baidu.com,Male,244.32.54.201
887,Sari,Bengoechea,sbengoecheaom@zdnet.com,Female,143.202.251.77
888,Eveleen,Mashal,emashalon@geocities.com,Female,145.26.46.209
889,Sydney,Ben,sbenoo@cafepress.com,Female,119.48.246.200
890,Sutherlan,Braksper,sbraksperop@netlog.com,Male,134.76.137.108
891,Felipe,Algate,falgateoq@tuttocitta.it,Male,134.130.8.56
892,Anders,Hyslop,ahyslopor@hhs.gov,Male,190.199.232.213
893,Jacklin,Whickman,jwhickmanos@paypal.com,Female,126.158.136.122
894,Buddie,Spir,bspirot@msn.com,Male,135.217.99.211
895,Ethelred,Rickersy,erickersyou@opensource.org,Bigender,245.237.159.137
896,Tate,Gellan,tgellanov@furl.net,Male,84.103.206.255
897,Madelena,Maylott,mmaylottow@jugem.jp,Female,202.95.44.199
898,Morlee,Simister,msimisterox@google.ca,Male,128.214.6.229
899,Sansone,Jiggle,sjiggleoy@mac.com,Male,10.1.9.143
900,Ximenes,Graalman,xgraalmanoz@auda.org.au,Male,234.42.29.42
901,Lezley,Josovich,ljosovichp0@scientificamerican.com,Male,254.47.168.66
902,Gratia,Abrahmovici,gabrahmovicip1@scientificamerican.com,Female,249.242.59.89
903,Emmery,Reeday,ereedayp2@amazon.co.jp,Male,177.240.226.26
904,Dionysus,Heading,dheadingp3@craigslist.org,Male,11.12.174.195
905,Angie,Lucas,alucasp4@chicagotribune.com,Female,140.129.13.253
906,Fredrick,Mollene,fmollenep5@4shared.com,Male,103.201.19.251
907,Mechelle,Bilbrooke,mbilbrookep6@usatoday.com,Female,132.180.26.11
908,Alex,Hitter,ahitterp7@hc360.com,Male,243.88.5.254
909,Perla,Musgrove,pmusgrovep8@ft.com,Female,86.33.185.193
910,Sheridan,Codman,scodmanp9@aol.com,Male,90.118.62.11
911,Florie,Dorbin,fdorbinpa@usnews.com,Bigender,1.139.27.93
912,Victoria,Wolters,vwolterspb@themeforest.net,Female,154.114.64.231
913,Karna,Bucknall,kbucknallpc@narod.ru,Female,27.187.161.42
914,Winn,Guichard,wguichardpd@marriott.com,Male,245.108.213.103
915,Barth,Ell,bellpe@ox.ac.uk,Male,37.126.167.193
916,Renie,Bizley,rbizleypf@woothemes.com,Polygender,186.195.18.245
917,Odetta,Corcut,ocorcutpg@fc2.com,Female,46.231.122.213
918,Granville,Stoop,gstoopph@cnbc.com,Male,195.223.173.54
919,Justinn,Eefting,jeeftingpi@studiopress.com,Female,56.229.38.30
920,Omar,Pipet,opipetpj@tinypic.com,Male,215.69.104.254
921,Turner,Cristoforetti,tcristoforettipk@friendfeed.com,Male,86.244.229.67
922,Dag,Murney,dmurneypl@time.com,Male,51.95.132.254
923,Powell,MacRierie,pmacrieriepm@upenn.edu,Male,89.69.49.235
924,Corrine,Witcombe,cwitcombepn@blogger.com,Female,136.96.58.76
925,Lizzy,Wyper,lwyperpo@amazonaws.com,Non-binary,160.22.219.136
926,Blondelle,Foote,bfootepp@wp.com,Non-binary,96.174.123.104
927,Bar,Ferretti,bferrettipq@disqus.com,Male,145.114.132.106
928,Karlotte,Flancinbaum,kflancinbaumpr@dropbox.com,Female,41.3.176.94
929,Tabb,Crab,tcrabps@51.la,Male,199.230.230.34
930,Brandyn,Malacrida,bmalacridapt@about.me,Male,93.131.212.223
931,Nickolai,Tuxsell,ntuxsellpu@dmoz.org,Male,236.217.103.14
932,Carrol,Bert,cbertpv@cornell.edu,Polygender,206.6.119.88
933,Felice,Elsworth,felsworthpw@yolasite.com,Female,88.88.87.41
934,Darrick,Cadore,dcadorepx@reuters.com,Male,214.244.194.70
935,Laverne,Zavattari,lzavattaripy@rakuten.co.jp,Female,196.175.242.107
936,Dory,Ivetts,divettspz@yelp.com,Male,22.232.130.68
937,Ulberto,Fletcher,ufletcherq0@indiegogo.com,Male,11.53.28.92
938,Polly,Trevorrow,ptrevorrowq1@ucoz.com,Female,25.253.149.179
939,Vasily,Tibols,vtibolsq2@technorati.com,Male,139.150.59.89
940,Clemmie,Poytres,cpoytresq3@behance.net,Female,21.70.96.162
941,Denys,Tibols,dtibolsq4@squidoo.com,Male,83.71.115.136
942,Gusty,Jays,gjaysq5@umn.edu,Female,219.108.0.59
943,Gus,Lippard,glippardq6@netlog.com,Male,144.175.73.90
944,Tracy,Beasleigh,tbeasleighq7@google.ca,Female,43.37.110.54
945,Gabriela,Maisey,gmaiseyq8@bloglovin.com,Female,238.243.117.3
946,Stearne,Trayhorn,strayhornq9@mlb.com,Male,175.81.7.168
947,Trula,Grieve,tgrieveqa@hao123.com,Female,117.255.86.237
948,Blinny,Hudel,bhudelqb@unc.edu,Female,95.19.170.228
949,Yank,Benardet,ybenardetqc@dmoz.org,Male,54.162.120.69
950,Ermanno,Sedworth,esedworthqd@cmu.edu,Male,148.28.172.92
951,Emera,Blowers,eblowersqe@cpanel.net,Female,26.191.101.136
952,Maison,Peat,mpeatqf@fc2.com,Male,15.84.88.227
953,Pembroke,Griffen,pgriffenqg@canalblog.com,Male,101.157.127.91
954,Taite,Rathjen,trathjenqh@discovery.com,Male,48.173.27.3
955,Danny,Madden,dmaddenqi@nifty.com,Male,1.190.94.211
956,Mollie,Bradberry,mbradberryqj@blog.com,Female,104.14.2.187
957,Danny,Bushell,dbushellqk@cam.ac.uk,Female,130.132.244.119
958,Broderic,O'Mohun,bomohunql@multiply.com,Male,7.221.246.23
959,Gregg,Southall,gsouthallqm@vk.com,Male,80.162.25.198
960,Patience,Eisenberg,peisenbergqn@yellowpages.com,Female,185.138.9.75
961,Roosevelt,Oxburgh,roxburghqo@seattletimes.com,Male,68.184.152.225
962,Prinz,Poacher,ppoacherqp@pagesperso-orange.fr,Male,81.183.193.136
963,Bibi,Barczynski,bbarczynskiqq@mozilla.org,Female,180.131.29.3
964,Annalise,Helliwell,ahelliwellqr@mac.com,Female,164.118.30.125
965,Urbano,Pierro,upierroqs@washington.edu,Agender,223.199.19.185
966,Emmet,Willoughey,ewillougheyqt@unesco.org,Male,182.204.156.215
967,Renado,MacGarvey,rmacgarveyqu@nymag.com,Male,167.231.214.161
968,Colan,Binny,cbinnyqv@cpanel.net,Male,195.164.29.25
969,Hollie,Bavester,hbavesterqw@sun.com,Female,124.164.163.3
970,Jacobo,Merkel,jmerkelqx@google.com.br,Male,4.182.141.191
971,Darcy,Cockcroft,dcockcroftqy@geocities.com,Female,79.52.46.174
972,Arlena,Dunnet,adunnetqz@chron.com,Female,70.60.210.169
973,Patrice,Stotherfield,pstotherfieldr0@aol.com,Male,53.37.83.46
974,Bernadette,Loidl,bloidlr1@canalblog.com,Female,164.186.176.111
975,Renae,Babidge,rbabidger2@techcrunch.com,Female,243.50.127.115
976,Chaim,Boman,cbomanr3@wordpress.com,Male,106.5.113.43
977,Weston,Treswell,wtreswellr4@cmu.edu,Male,11.192.45.128
978,Lucius,Burgane,lburganer5@deliciousdays.com,Male,221.197.227.146
979,Paulie,Colclough,pcolcloughr6@bbb.org,Female,29.54.159.85
980,Guss,Hartless,ghartlessr7@icio.us,Male,166.172.80.196
981,Evelin,Sea,esear8@deliciousdays.com,Male,17.206.203.234
982,Jacquenetta,Fullstone,jfullstoner9@liveinternet.ru,Female,203.181.173.48
983,Thor,Spriggen,tspriggenra@ebay.co.uk,Male,40.33.139.239
984,Griswold,Ivanusyev,givanusyevrb@skyrock.com,Male,208.8.137.202
985,Thoma,Bolzen,tbolzenrc@ustream.tv,Male,235.229.136.29
986,Lloyd,Ertelt,lerteltrd@odnoklassniki.ru,Male,168.142.175.59
987,Ben,Driffe,bdriffere@live.com,Male,10.196.157.239
988,Addia,Woodhams,awoodhamsrf@pagesperso-orange.fr,Female,181.31.82.243
989,Joey,Scholtis,jscholtisrg@exblog.jp,Female,142.225.145.49
990,Amalee,Steeples,asteeplesrh@japanpost.jp,Female,29.185.27.192
991,Remy,Matuszak,rmatuszakri@spiegel.de,Female,80.247.34.104
992,Xena,Zambon,xzambonrj@indiegogo.com,Female,191.231.200.230
993,Wald,Murrthum,wmurrthumrk@redcross.org,Male,45.192.238.120
994,Conroy,Hearsum,chearsumrl@wordpress.org,Male,165.122.156.31
995,Celia,Gumey,cgumeyrm@dedecms.com,Female,175.3.72.177
996,Nan,Costy,ncostyrn@army.mil,Female,244.236.235.122
997,Arney,Giraudot,agiraudotro@hexun.com,Male,154.199.105.38
998,Hugibert,Bendin,hbendinrp@ucsd.edu,Male,36.177.196.107
999,Ewell,Edworthy,eedworthyrq@oracle.com,Male,181.142.28.9
1000,Oona,Jolley,ojolleyrr@hud.gov,Female,241.209.248.206
